{
    "recall": 0.9764560482959209,
    "precision": 0.9686550332930806,
    "f1_score": 0.9725398975143686
}