{
    "recall": 0.22659906275456002,
    "precision": 0.9652224391788485,
    "f1_score": 0.3670323109841292
}